Neutral;2021-10-11 19:36:38.339233;1634002598.339241
Feliz;2021-10-11 19:36:39.224110;1634002599.224117
Neutral;2021-10-11 19:36:39.341428;1634002599.341434
Neutral;2021-10-11 19:36:39.685285;1634002599.685292
Neutral;2021-10-11 19:36:40.235749;1634002600.235756
Sorprendido;2021-10-11 19:36:40.331916;1634002600.3319218
Enojado;2021-10-11 19:36:40.443246;1634002600.443252
Feliz;2021-10-11 19:36:40.539432;1634002600.539438
Feliz;2021-10-11 19:36:41.027721;1634002601.0277271
Feliz;2021-10-11 19:36:41.160339;1634002601.160345
Feliz;2021-10-11 19:36:41.270436;1634002601.270442
Sorprendido;2021-10-11 19:36:41.406348;1634002601.4063559
Sorprendido;2021-10-11 19:36:41.612339;1634002601.612345
Enojado;2021-10-11 19:36:41.719654;1634002601.719661
Sorprendido;2021-10-11 19:36:41.853725;1634002601.853732
Sorprendido;2021-10-11 19:36:42.434714;1634002602.434721
Disgustado;2021-10-11 19:36:42.533253;1634002602.533259
Sorprendido;2021-10-11 19:36:42.647756;1634002602.647763
Sorprendido;2021-10-11 19:36:43.913438;1634002603.9134452
Sorprendido;2021-10-11 19:36:44.085903;1634002604.085909
Neutral;2021-10-11 19:36:44.429180;1634002604.429187
Feliz;2021-10-11 19:36:44.538806;1634002604.5388129
Enojado;2021-10-11 19:36:44.638038;1634002604.6380448
Feliz;2021-10-11 19:36:44.750943;1634002604.7509508
Enojado;2021-10-11 19:36:44.885678;1634002604.885685
Enojado;2021-10-11 19:36:45.016075;1634002605.0160809
Neutral;2021-10-11 19:36:45.145866;1634002605.1458719
Neutral;2021-10-11 19:36:45.259072;1634002605.2590778
Neutral;2021-10-11 19:36:45.365900;1634002605.365908
Neutral;2021-10-11 19:36:45.470568;1634002605.470575
Neutral;2021-10-11 19:36:45.592366;1634002605.592373
Neutral;2021-10-11 19:36:45.712665;1634002605.712671
Neutral;2021-10-11 19:36:45.836657;1634002605.836664
Enojado;2021-10-11 19:36:45.950721;1634002605.950727
Enojado;2021-10-11 19:36:46.046963;1634002606.0469692
Enojado;2021-10-11 19:36:46.157226;1634002606.157233
Neutral;2021-10-11 19:36:46.256695;1634002606.256701
Feliz;2021-10-11 19:36:46.373049;1634002606.373055
Feliz;2021-10-11 19:36:47.634106;1634002607.634112
Sorprendido;2021-10-11 19:36:47.814925;1634002607.8149672
Feliz;2021-10-11 19:36:48.775238;1634002608.775244
Feliz;2021-10-11 19:36:48.920345;1634002608.920351
Feliz;2021-10-11 19:36:49.053706;1634002609.053712
Enojado;2021-10-11 19:36:50.316712;1634002610.316718
Enojado;2021-10-11 19:36:50.492321;1634002610.492327
Feliz;2021-10-11 19:36:51.088702;1634002611.0887082
Sorprendido;2021-10-11 19:36:52.158244;1634002612.15825
Feliz;2021-10-11 19:36:52.278804;1634002612.278811
Sorprendido;2021-10-11 19:36:52.387170;1634002612.387177
Neutral;2021-10-11 19:36:52.484140;1634002612.4841459
Sorprendido;2021-10-11 19:36:52.656228;1634002612.656235
Neutral;2021-10-11 19:36:52.771494;1634002612.7715
Neutral;2021-10-11 19:36:52.905165;1634002612.905171
Neutral;2021-10-11 19:36:53.099838;1634002613.099844
Neutral;2021-10-11 19:36:53.225971;1634002613.2259772
Neutral;2021-10-11 19:36:53.339964;1634002613.339971
Sorprendido;2021-10-11 19:36:53.467003;1634002613.467008
Neutral;2021-10-11 19:36:53.586090;1634002613.586096
Neutral;2021-10-11 19:36:53.693771;1634002613.693778
Neutral;2021-10-11 19:36:53.792426;1634002613.792432
Sorprendido;2021-10-11 19:36:53.908005;1634002613.908012
Neutral;2021-10-11 19:36:54.037224;1634002614.03723
Neutral;2021-10-11 19:36:54.134328;1634002614.1343338
Sorprendido;2021-10-11 19:36:54.256514;1634002614.25652
Neutral;2021-10-11 19:36:54.380484;1634002614.380491
Neutral;2021-10-11 19:36:54.490355;1634002614.490361
Neutral;2021-10-11 19:36:54.626488;1634002614.626494
Sorprendido;2021-10-11 19:36:54.735431;1634002614.735438
Sorprendido;2021-10-11 19:36:54.857579;1634002614.857585
Sorprendido;2021-10-11 19:36:54.971711;1634002614.9717171
Neutral;2021-10-11 19:36:55.071510;1634002615.071517
Sorprendido;2021-10-11 19:36:55.188846;1634002615.188852
Enojado;2021-10-11 19:36:55.406654;1634002615.406661
Neutral;2021-10-11 19:36:55.520019;1634002615.5200262
Enojado;2021-10-11 19:36:55.656995;1634002615.657001
Enojado;2021-10-11 19:36:55.787899;1634002615.787905
Sorprendido;2021-10-11 19:36:55.905372;1634002615.905378
Sorprendido;2021-10-11 19:36:56.031915;1634002616.0319219
Sorprendido;2021-10-11 19:36:56.140017;1634002616.140023
Enojado;2021-10-11 19:36:56.283253;1634002616.283259
Neutral;2021-10-11 19:36:56.430876;1634002616.430882
Neutral;2021-10-11 19:36:56.621212;1634002616.621218
Enojado;2021-10-11 19:36:57.046552;1634002617.046558
Neutral;2021-10-11 19:36:57.165426;1634002617.165432
Feliz;2021-10-15 13:22:16.442154;1634325736.4421706
Temeroso;2021-10-15 13:22:16.628891;1634325736.628907
Feliz;2021-10-15 13:22:16.799054;1634325736.79907
Enojado;2021-10-15 13:22:16.924855;1634325736.9248714
Feliz;2021-10-15 13:22:17.036991;1634325737.037007
Enojado;2021-10-15 13:22:17.162035;1634325737.1620505
Temeroso;2021-10-15 13:22:17.282103;1634325737.2821195
Temeroso;2021-10-15 13:22:17.521655;1634325737.52167
Feliz;2021-10-15 13:22:17.655842;1634325737.6558573
Temeroso;2021-10-15 13:22:17.791247;1634325737.7912645
Feliz;2021-10-15 13:22:19.143865;1634325739.1438808
Feliz;2021-10-15 13:22:19.302043;1634325739.3020585
Feliz;2021-10-15 13:22:20.504846;1634325740.5048637
Feliz;2021-10-15 13:22:20.635675;1634325740.6356947
Feliz;2021-10-15 13:22:20.809948;1634325740.8099647
Neutral;2021-10-15 13:22:21.712284;1634325741.7123005
Feliz;2021-10-15 13:22:22.122812;1634325742.1228282
Feliz;2021-10-15 13:22:22.253242;1634325742.2532578
Sorprendido;2021-10-15 13:22:24.305975;1634325744.3059921
Temeroso;2021-10-15 13:22:24.442193;1634325744.4422092
Feliz;2021-10-15 13:22:24.609260;1634325744.6092753
Temeroso;2021-10-15 13:22:24.753647;1634325744.7536616
Temeroso;2021-10-15 13:22:24.874993;1634325744.8750105
Temeroso;2021-10-15 13:22:24.998950;1634325744.9989655
Temeroso;2021-10-15 13:22:25.138546;1634325745.1385634
Temeroso;2021-10-15 13:22:25.282150;1634325745.282166
Temeroso;2021-10-15 13:22:25.420387;1634325745.4204018
Feliz;2021-10-15 13:22:25.534296;1634325745.5343118
Feliz;2021-10-15 13:22:25.684451;1634325745.6844666
Feliz;2021-10-15 13:22:25.813899;1634325745.8139153
Feliz;2021-10-15 13:22:25.969752;1634325745.9697692
Feliz;2021-10-15 13:22:26.160782;1634325746.1607964
Feliz;2021-10-15 13:22:26.286406;1634325746.2864215
Feliz;2021-10-15 13:22:26.422335;1634325746.422352
Feliz;2021-10-15 13:22:26.770428;1634325746.7704434
Feliz;2021-10-15 13:22:26.905454;1634325746.9054718
Feliz;2021-10-15 13:22:27.046180;1634325747.0461962
Feliz;2021-10-15 13:22:27.170033;1634325747.1701126
Feliz;2021-10-15 13:22:27.333097;1634325747.333114
Feliz;2021-10-15 13:22:27.477756;1634325747.477772
Feliz;2021-10-15 13:22:27.706102;1634325747.7061195
Feliz;2021-10-15 13:22:27.865819;1634325747.8658347
Feliz;2021-10-15 13:22:27.986377;1634325747.986394
Feliz;2021-10-15 13:22:28.134410;1634325748.134427
Feliz;2021-10-15 13:22:28.265492;1634325748.2655084
Feliz;2021-10-15 13:22:28.405490;1634325748.405507
Feliz;2021-10-15 13:22:28.538263;1634325748.53828
Temeroso;2021-10-15 13:22:28.682551;1634325748.6825666
Temeroso;2021-10-15 13:22:28.806221;1634325748.8062367
Temeroso;2021-10-15 13:22:28.945354;1634325748.9453695
Temeroso;2021-10-15 13:22:29.094028;1634325749.0940454
Temeroso;2021-10-15 13:22:29.200967;1634325749.2009833
Temeroso;2021-10-15 13:22:29.334220;1634325749.3342364
Temeroso;2021-10-15 13:22:29.494484;1634325749.4944994
Temeroso;2021-10-15 13:22:29.622153;1634325749.6221685
Temeroso;2021-10-15 13:22:29.762517;1634325749.7625334
Temeroso;2021-10-15 13:22:29.882082;1634325749.882099
Temeroso;2021-10-15 13:22:30.046008;1634325750.046024
Triste;2021-10-15 13:22:30.181714;1634325750.1817296
Triste;2021-10-15 13:22:30.305731;1634325750.3057475
Triste;2021-10-15 13:22:30.421971;1634325750.4219868
Triste;2021-10-15 13:22:30.589992;1634325750.590008
Triste;2021-10-15 13:22:30.732308;1634325750.7323244
Temeroso;2021-10-15 13:22:30.850578;1634325750.850594
Triste;2021-10-15 13:22:30.982240;1634325750.982256
Triste;2021-10-15 13:22:31.122102;1634325751.1221194
Triste;2021-10-15 13:22:31.274102;1634325751.2741182
Triste;2021-10-15 13:22:31.386415;1634325751.3864315
Triste;2021-10-15 13:22:31.510510;1634325751.510526
Triste;2021-10-15 13:22:31.658039;1634325751.658055
Triste;2021-10-15 13:22:31.798341;1634325751.7983565
Triste;2021-10-15 13:22:31.954137;1634325751.954153
Triste;2021-10-15 13:22:32.066054;1634325752.0660706
Temeroso;2021-10-15 13:22:32.206508;1634325752.206546
Enojado;2021-10-15 13:22:32.342551;1634325752.3425677
Enojado;2021-10-15 13:22:32.485395;1634325752.485409
Enojado;2021-10-15 13:22:32.622476;1634325752.6224928
Enojado;2021-10-15 13:22:32.746475;1634325752.746492
Enojado;2021-10-15 13:22:32.894142;1634325752.8941576
Enojado;2021-10-15 13:22:33.026055;1634325753.026071
Enojado;2021-10-15 13:22:33.150458;1634325753.1504734
Enojado;2021-10-15 13:22:33.277953;1634325753.2779691
Enojado;2021-10-15 13:22:33.437149;1634325753.4371665
Temeroso;2021-10-15 13:22:33.582508;1634325753.5825257
Temeroso;2021-10-15 13:22:33.712127;1634325753.712143
Enojado;2021-10-15 13:22:33.834099;1634325753.8341157
Temeroso;2021-10-15 13:22:33.989681;1634325753.9896963
Temeroso;2021-10-15 13:22:34.108856;1634325754.1088712
Temeroso;2021-10-15 13:22:34.247206;1634325754.2472222
Temeroso;2021-10-15 13:22:34.365986;1634325754.366002
Temeroso;2021-10-15 13:22:34.518610;1634325754.518627
Temeroso;2021-10-15 13:22:34.647986;1634325754.6480026
Enojado;2021-10-15 13:22:34.777380;1634325754.7773962
Enojado;2021-10-15 13:22:34.906505;1634325754.9065223
Triste;2021-10-15 13:22:35.046054;1634325755.0460703
Feliz;2021-10-15 13:22:35.191386;1634325755.191402
Triste;2021-10-15 13:22:35.327306;1634325755.3273218
Sorprendido;2021-10-15 13:22:35.450308;1634325755.450324
Sorprendido;2021-10-15 13:22:35.612351;1634325755.6123648
Sorprendido;2021-10-15 13:22:35.986741;1634325755.9867575
Sorprendido;2021-10-15 13:22:36.149414;1634325756.1494274
Sorprendido;2021-10-15 13:22:36.282661;1634325756.282679
Sorprendido;2021-10-15 13:22:36.415575;1634325756.4155917
Sorprendido;2021-10-15 13:22:36.542554;1634325756.542569
Sorprendido;2021-10-15 13:22:36.689777;1634325756.6897929
Sorprendido;2021-10-15 13:22:36.824927;1634325756.824942
Enojado;2021-10-15 13:22:36.974660;1634325756.974677
Enojado;2021-10-15 13:22:37.092118;1634325757.092135
Enojado;2021-10-15 13:22:37.231697;1634325757.2317135
Sorprendido;2021-10-15 13:22:37.362370;1634325757.3623867
Enojado;2021-10-15 13:22:37.508182;1634325757.5081983
Temeroso;2021-10-15 13:22:37.654627;1634325757.6546433
Temeroso;2021-10-15 13:22:37.769725;1634325757.7697418
Temeroso;2021-10-15 13:22:37.918417;1634325757.9184325
Enojado;2021-10-15 13:22:38.038591;1634325758.0386062
Temeroso;2021-10-15 13:22:38.180681;1634325758.1806967
Feliz;2021-10-15 13:22:38.318334;1634325758.3183498
Feliz;2021-10-15 13:22:38.453913;1634325758.453928
Feliz;2021-10-15 13:22:38.582054;1634325758.5820704
Feliz;2021-10-15 13:22:38.722083;1634325758.7221003
Feliz;2021-10-15 13:22:38.863044;1634325758.86306
Feliz;2021-10-15 13:22:39.015244;1634325759.0152605
Feliz;2021-10-15 13:22:39.146371;1634325759.1463873
Feliz;2021-10-15 13:22:39.264050;1634325759.2640657
Feliz;2021-10-15 13:22:39.409998;1634325759.4100149
Feliz;2021-10-15 13:22:39.541179;1634325759.541194
Feliz;2021-10-15 13:22:39.665882;1634325759.665898
Feliz;2021-10-15 13:22:39.810070;1634325759.8100858
Triste;2021-10-15 13:22:39.954536;1634325759.9545512
Enojado;2021-10-15 13:22:40.091816;1634325760.0918324
Triste;2021-10-15 13:22:40.234464;1634325760.2344794
Enojado;2021-10-15 13:22:40.351886;1634325760.3519018
Enojado;2021-10-15 13:22:40.499973;1634325760.4999895
Enojado;2021-10-15 13:22:40.630126;1634325760.630143
Triste;2021-10-15 13:22:40.754091;1634325760.754106
Triste;2021-10-15 13:22:40.895245;1634325760.89526
Enojado;2021-10-15 13:22:41.050338;1634325761.0503542
Triste;2021-10-15 13:22:41.179700;1634325761.179716
Triste;2021-10-15 13:22:41.306511;1634325761.3065279
Triste;2021-10-15 13:22:41.441303;1634325761.4413197
Enojado;2021-10-15 13:22:41.592405;1634325761.5924213
Triste;2021-10-15 13:22:41.740646;1634325761.7406619
Enojado;2021-10-15 13:22:41.849436;1634325761.8494515
Triste;2021-10-15 13:22:41.985697;1634325761.9857142
Triste;2021-10-15 13:22:42.101993;1634325762.1020067
Enojado;2021-10-15 13:22:42.258083;1634325762.2580986
Triste;2021-10-15 13:22:42.384415;1634325762.3844316
Triste;2021-10-15 13:22:42.518111;1634325762.5181286
Triste;2021-10-15 13:22:42.650358;1634325762.6503744
Enojado;2021-10-15 13:22:42.806015;1634325762.8060308
Enojado;2021-10-15 13:22:42.933150;1634325762.9331663
Triste;2021-10-15 13:22:43.071817;1634325763.0718346
Enojado;2021-10-15 13:22:43.224862;1634325763.2248783
Triste;2021-10-15 13:22:43.370120;1634325763.370137
Triste;2021-10-15 13:22:43.482818;1634325763.4828343
Enojado;2021-10-15 13:22:43.622893;1634325763.62291
Triste;2021-10-15 13:22:43.752730;1634325763.7527454
Triste;2021-10-15 13:22:43.892138;1634325763.892155
Triste;2021-10-15 13:22:44.018115;1634325764.018132
Triste;2021-10-15 13:22:44.164820;1634325764.1648347
Triste;2021-10-15 13:22:44.286183;1634325764.2861989
Triste;2021-10-15 13:22:44.430422;1634325764.4304392
Temeroso;2021-10-15 13:22:44.584554;1634325764.5845714
Feliz;2021-10-15 13:22:44.814077;1634325764.8140924
Feliz;2021-10-15 13:22:44.977869;1634325764.9778862
Feliz;2021-10-15 13:22:45.112765;1634325765.1127813
Feliz;2021-10-15 13:22:45.242013;1634325765.2420282
Feliz;2021-10-15 13:22:45.374355;1634325765.3743713
Feliz;2021-10-15 13:22:45.523603;1634325765.5236187
Feliz;2021-10-15 13:22:45.654502;1634325765.6545177
Feliz;2021-10-15 13:22:45.798027;1634325765.7980435
Feliz;2021-10-15 13:22:45.933338;1634325765.933354
Feliz;2021-10-15 13:22:46.076813;1634325766.0768292
Feliz;2021-10-15 13:22:46.212527;1634325766.2125428
Feliz;2021-10-15 13:22:46.461961;1634325766.461976
Feliz;2021-10-15 13:22:46.630036;1634325766.6300526
Temeroso;2021-10-15 13:22:46.754242;1634325766.754258
Feliz;2021-10-15 13:22:46.988307;1634325766.9883227
Feliz;2021-10-15 13:22:47.276200;1634325767.2762175
Feliz;2021-10-15 13:23:53.398067;1634325833.3980837
Feliz;2021-10-15 13:23:53.505173;1634325833.5051885
Temeroso;2021-10-15 13:23:53.630256;1634325833.630271
Feliz;2021-10-15 13:23:53.754349;1634325833.7543662
Temeroso;2021-10-15 13:23:53.878456;1634325833.8784726
Feliz;2021-10-15 13:23:53.991749;1634325833.9917653
Temeroso;2021-10-15 13:23:54.120932;1634325834.120947
Feliz;2021-10-15 13:23:54.439977;1634325834.4399934
Temeroso;2021-10-15 13:23:55.266424;1634325835.2664402
Temeroso;2021-10-15 13:23:55.395091;1634325835.3951068
Temeroso;2021-10-15 13:23:56.069322;1634325836.069339
Feliz;2021-10-15 13:23:59.631064;1634325839.63108
Feliz;2021-10-15 13:23:59.762501;1634325839.7625175
Temeroso;2021-10-15 13:24:03.910648;1634325843.910664
Feliz;2021-10-15 13:24:10.450029;1634325850.4500456
Feliz;2021-10-15 13:24:10.578318;1634325850.5783327
Feliz;2021-10-15 13:24:10.699153;1634325850.6991677
Feliz;2021-10-15 13:24:10.826313;1634325850.82633
Temeroso;2021-10-15 13:24:10.981678;1634325850.9816945
Temeroso;2021-10-15 13:24:11.113195;1634325851.113211
Feliz;2021-10-15 13:24:11.241582;1634325851.2415974
Feliz;2021-10-15 13:24:11.369903;1634325851.3699193
Feliz;2021-10-15 13:24:11.539548;1634325851.539564
Feliz;2021-10-15 13:24:11.656210;1634325851.6562262
Feliz;2021-10-15 13:24:11.789272;1634325851.7892883
Feliz;2021-10-15 13:24:11.926108;1634325851.926125
Feliz;2021-10-15 13:24:12.076066;1634325852.0760825
Feliz;2021-10-15 13:24:12.197921;1634325852.197937
Feliz;2021-10-15 13:24:12.341237;1634325852.341253
Feliz;2021-10-15 13:24:12.477601;1634325852.4776182
Feliz;2021-10-15 13:24:12.614098;1634325852.6141145
Feliz;2021-10-15 13:24:12.808857;1634325852.8088734
Feliz;2021-10-15 13:24:12.913937;1634325852.9139526
Feliz;2021-10-15 13:24:13.025954;1634325853.0259705
Feliz;2021-10-15 13:24:13.154150;1634325853.1541667
Feliz;2021-10-15 13:24:13.282339;1634325853.2823548
Feliz;2021-10-15 13:24:13.415150;1634325853.4151652
Feliz;2021-10-15 13:24:13.552066;1634325853.5520813
Feliz;2021-10-15 13:24:13.674091;1634325853.6741066
Feliz;2021-10-15 13:24:13.841896;1634325853.841913
Feliz;2021-10-15 13:24:13.970493;1634325853.9705086
Feliz;2021-10-15 13:24:14.090444;1634325854.0904598
Feliz;2021-10-15 13:24:14.231345;1634325854.2313619
Feliz;2021-10-15 13:24:14.386047;1634325854.386063
Feliz;2021-10-15 13:24:14.505303;1634325854.5053198
Feliz;2021-10-15 13:24:14.560564;1634325854.5605805
Feliz;2021-10-15 13:24:14.679457;1634325854.6794739
Feliz;2021-10-15 13:24:14.806125;1634325854.8061426
Feliz;2021-10-15 13:24:14.941319;1634325854.941335
Temeroso;2021-10-15 13:24:15.051940;1634325855.051956
Feliz;2021-10-15 13:24:15.105952;1634325855.105969
Feliz;2021-10-15 13:24:15.220541;1634325855.2205567
Neutral;2021-10-15 13:24:15.272362;1634325855.272378
Temeroso;2021-10-15 13:24:15.390126;1634325855.390141
Feliz;2021-10-15 13:24:15.442307;1634325855.442323
Temeroso;2021-10-15 13:24:15.500162;1634325855.5001774
Feliz;2021-10-15 13:24:15.620519;1634325855.6205375
Temeroso;2021-10-15 13:24:15.690531;1634325855.6905472
Temeroso;2021-10-15 13:24:15.808103;1634325855.8081205
Feliz;2021-10-15 13:24:15.870236;1634325855.8702512
Temeroso;2021-10-15 13:24:15.997309;1634325855.997326
Feliz;2021-10-15 13:24:16.050286;1634325856.0503016
Feliz;2021-10-15 13:24:16.186033;1634325856.1860487
Feliz;2021-10-15 13:24:16.258525;1634325856.2585413
Feliz;2021-10-15 13:24:16.394079;1634325856.3940957
Feliz;2021-10-15 13:24:16.452805;1634325856.4528215
Triste;2021-10-15 13:24:16.589617;1634325856.5896325
Feliz;2021-10-15 13:24:16.649328;1634325856.649343
Feliz;2021-10-15 13:24:16.780979;1634325856.7809951
Temeroso;2021-10-15 13:24:16.838178;1634325856.8381937
Feliz;2021-10-15 13:24:16.982436;1634325856.9824533
Temeroso;2021-10-15 13:24:17.047875;1634325857.047891
Feliz;2021-10-15 13:24:17.162059;1634325857.162075
Temeroso;2021-10-15 13:24:17.216380;1634325857.2163947
Feliz;2021-10-15 13:24:17.350365;1634325857.3503811
Temeroso;2021-10-15 13:24:17.403103;1634325857.4031198
Temeroso;2021-10-15 13:24:17.523848;1634325857.5238647
Feliz;2021-10-15 13:24:17.580324;1634325857.5803392
Feliz;2021-10-15 13:24:17.705068;1634325857.7050846
Temeroso;2021-10-15 13:24:17.764191;1634325857.764207
Feliz;2021-10-15 13:24:17.877476;1634325857.8774917
Temeroso;2021-10-15 13:24:17.938561;1634325857.9385817
Feliz;2021-10-15 13:24:18.064125;1634325858.0641413
Temeroso;2021-10-15 13:24:18.115843;1634325858.1158597
Feliz;2021-10-15 13:24:18.240661;1634325858.2406764
Triste;2021-10-15 13:24:18.295618;1634325858.2956343
Feliz;2021-10-15 13:24:18.426353;1634325858.4263687
Triste;2021-10-15 13:24:18.485840;1634325858.4858563
Feliz;2021-10-15 13:24:18.610494;1634325858.6105096
Triste;2021-10-15 13:24:18.666483;1634325858.6664996
Triste;2021-10-15 13:24:18.784657;1634325858.784674
Feliz;2021-10-15 13:24:18.838063;1634325858.8380797
Feliz;2021-10-15 13:24:18.957176;1634325858.957193
Triste;2021-10-15 13:24:19.010106;1634325859.0101216
Temeroso;2021-10-15 13:24:19.122494;1634325859.1225102
Temeroso;2021-10-15 13:24:19.188258;1634325859.1882744
Temeroso;2021-10-15 13:24:19.301342;1634325859.3013577
Temeroso;2021-10-15 13:24:19.362257;1634325859.362274
Neutral;2021-10-15 13:24:19.490164;1634325859.4901805
Triste;2021-10-15 13:24:19.551526;1634325859.551542
Enojado;2021-10-15 13:24:19.663237;1634325859.663252
Neutral;2021-10-15 13:24:19.720006;1634325859.720022
Temeroso;2021-10-15 13:24:19.837488;1634325859.837504
Triste;2021-10-15 13:24:19.898198;1634325859.8982139
Neutral;2021-10-15 13:24:20.016669;1634325860.0166855
Temeroso;2021-10-15 13:24:20.069142;1634325860.0691586
Temeroso;2021-10-15 13:24:20.198550;1634325860.1985664
Neutral;2021-10-15 13:24:20.258119;1634325860.2581344
Enojado;2021-10-15 13:24:20.374711;1634325860.3747592
Neutral;2021-10-15 13:24:20.434484;1634325860.4345012
Enojado;2021-10-15 13:24:20.568243;1634325860.5682592
Neutral;2021-10-15 13:24:20.642510;1634325860.6425261
Enojado;2021-10-15 13:24:20.768233;1634325860.7682505
Neutral;2021-10-15 13:24:20.827412;1634325860.8274276
Enojado;2021-10-15 13:24:20.956729;1634325860.9567454
Neutral;2021-10-15 13:24:21.012192;1634325861.012208
Temeroso;2021-10-15 13:24:21.141610;1634325861.1416256
Neutral;2021-10-15 13:24:21.194216;1634325861.1942325
Temeroso;2021-10-15 13:24:21.304154;1634325861.3041697
Neutral;2021-10-15 13:24:21.366126;1634325861.3661432
Enojado;2021-10-15 13:24:21.490739;1634325861.4907568
Neutral;2021-10-15 13:24:21.545745;1634325861.545759
Temeroso;2021-10-15 13:24:21.683782;1634325861.6837988
Neutral;2021-10-15 13:24:21.734322;1634325861.7343361
Neutral;2021-10-15 13:24:21.854530;1634325861.854547
Neutral;2021-10-15 13:24:21.969907;1634325861.9699247
Neutral;2021-10-15 13:24:22.101405;1634325862.1014216
Triste;2021-10-15 13:24:22.236175;1634325862.2361891
Triste;2021-10-15 13:24:22.375039;1634325862.3750556
Feliz;2021-10-15 13:24:22.500806;1634325862.5008223
Feliz;2021-10-15 13:24:22.637951;1634325862.6379666
Feliz;2021-10-15 13:24:22.688530;1634325862.6885471
Enojado;2021-10-15 13:24:22.826160;1634325862.8261762
Feliz;2021-10-15 13:24:22.878445;1634325862.8784604
Feliz;2021-10-15 13:24:23.010295;1634325863.0103116
Feliz;2021-10-15 13:24:23.145488;1634325863.1455042
Enojado;2021-10-15 13:24:23.276444;1634325863.2764606
Feliz;2021-10-15 13:24:23.328950;1634325863.3289704
Feliz;2021-10-15 13:24:23.445047;1634325863.4450634
Feliz;2021-10-15 13:24:23.576578;1634325863.5765948
Feliz;2021-10-15 13:24:23.688899;1634325863.688915
Feliz;2021-10-15 13:24:23.742309;1634325863.7423253
Feliz;2021-10-15 13:24:23.870660;1634325863.870676
Feliz;2021-10-15 13:24:24.011227;1634325864.0112433
Feliz;2021-10-15 13:24:24.143949;1634325864.1439652
Feliz;2021-10-15 13:24:24.268246;1634325864.2682607
Temeroso;2021-10-15 13:24:24.392205;1634325864.392221
Temeroso;2021-10-15 13:24:24.528195;1634325864.5282104
Temeroso;2021-10-15 13:24:24.665267;1634325864.6652825
Sorprendido;2021-10-15 13:24:24.799843;1634325864.799859
Temeroso;2021-10-15 13:24:24.862492;1634325864.8625088
Temeroso;2021-10-15 13:24:24.998450;1634325864.9984658
Sorprendido;2021-10-15 13:24:25.050257;1634325865.0502734
Temeroso;2021-10-15 13:24:25.167433;1634325865.1674492
Sorprendido;2021-10-15 13:24:25.230332;1634325865.2303486
Feliz;2021-10-15 13:24:25.349879;1634325865.3498943
Sorprendido;2021-10-15 13:24:25.401400;1634325865.4014168
Temeroso;2021-10-15 13:24:25.514566;1634325865.5145836
Sorprendido;2021-10-15 13:24:25.566575;1634325865.5665905
Temeroso;2021-10-15 13:24:25.693099;1634325865.693116
Sorprendido;2021-10-15 13:24:25.746291;1634325865.7463083
Temeroso;2021-10-15 13:24:25.881308;1634325865.8813236
Sorprendido;2021-10-15 13:24:25.928627;1634325865.9286427
Sorprendido;2021-10-15 13:24:26.050663;1634325866.050677
Sorprendido;2021-10-15 13:24:26.172192;1634325866.1722076
Temeroso;2021-10-15 13:24:26.303804;1634325866.30382
Sorprendido;2021-10-15 13:24:26.356717;1634325866.356735
Sorprendido;2021-10-15 13:24:26.476284;1634325866.4763005
Temeroso;2021-10-15 13:24:26.530518;1634325866.530533
Sorprendido;2021-10-15 13:24:26.648613;1634325866.6486287
Sorprendido;2021-10-15 13:24:26.700470;1634325866.7004862
Sorprendido;2021-10-15 13:24:26.825441;1634325866.8254578
Sorprendido;2021-10-15 13:24:26.877805;1634325866.877821
Sorprendido;2021-10-15 13:24:27.010607;1634325867.010623
Sorprendido;2021-10-15 13:24:27.062106;1634325867.0621219
Sorprendido;2021-10-15 13:24:27.190731;1634325867.1907477
Temeroso;2021-10-15 13:24:27.244362;1634325867.2443783
Sorprendido;2021-10-15 13:24:27.383519;1634325867.3835342
Feliz;2021-10-15 13:24:27.441653;1634325867.4416687
Sorprendido;2021-10-15 13:24:27.554274;1634325867.5542903
Feliz;2021-10-15 13:24:27.610408;1634325867.610424
Sorprendido;2021-10-15 13:24:27.718268;1634325867.7182858
Feliz;2021-10-15 13:24:27.777651;1634325867.7776668
Sorprendido;2021-10-15 13:24:27.894710;1634325867.8947265
Feliz;2021-10-15 13:24:27.954005;1634325867.9540217
Feliz;2021-10-15 13:24:28.090109;1634325868.0901253
Sorprendido;2021-10-15 13:24:28.142184;1634325868.142201
Feliz;2021-10-15 13:24:28.271655;1634325868.2716708
Sorprendido;2021-10-15 13:24:28.328150;1634325868.3281667
Sorprendido;2021-10-15 13:24:28.457908;1634325868.4579244
Feliz;2021-10-15 13:24:28.521125;1634325868.5211413
Feliz;2021-10-15 13:24:28.668412;1634325868.6684282
Temeroso;2021-10-15 13:24:28.730852;1634325868.7308688
Temeroso;2021-10-15 13:24:28.858221;1634325868.8582387
Feliz;2021-10-15 13:24:28.930103;1634325868.9301188
Temeroso;2021-10-15 13:24:29.049905;1634325869.0499225
Feliz;2021-10-15 13:24:29.099538;1634325869.0995538
Feliz;2021-10-15 13:24:29.232088;1634325869.232103
Temeroso;2021-10-15 13:24:29.286426;1634325869.2864425
Temeroso;2021-10-15 13:24:29.416706;1634325869.416722
Feliz;2021-10-15 13:24:29.470008;1634325869.4700243
Temeroso;2021-10-15 13:24:29.594083;1634325869.5940995
Feliz;2021-10-15 13:24:29.646026;1634325869.6460428
Feliz;2021-10-15 13:24:29.782047;1634325869.7820647
Feliz;2021-10-15 13:24:29.894433;1634325869.8944497
Feliz;2021-10-15 13:24:30.004015;1634325870.004031
Feliz;2021-10-15 13:24:30.110271;1634325870.1102872
Feliz;2021-10-15 13:24:30.239856;1634325870.2398725
Feliz;2021-10-15 13:24:30.370064;1634325870.3700802
Temeroso;2021-10-15 13:24:30.481358;1634325870.481373
Feliz;2021-10-15 13:24:30.601193;1634325870.6012094
Feliz;2021-10-15 13:24:30.719349;1634325870.719364
Feliz;2021-10-15 13:24:30.825695;1634325870.8257117
Feliz;2021-10-15 13:24:30.955621;1634325870.9556377
Temeroso;2021-10-16 12:01:00.081748;1634407260.0817657
Neutral;2021-10-16 12:01:00.312858;1634407260.3128746
Neutral;2021-10-16 12:01:00.463595;1634407260.4636102
Neutral;2021-10-16 12:01:00.671593;1634407260.6716096
Neutral;2021-10-16 12:01:00.816852;1634407260.8168683
Neutral;2021-10-16 12:01:00.946255;1634407260.9462707
Neutral;2021-10-16 12:01:01.091958;1634407261.091973
Neutral;2021-10-16 12:01:01.235967;1634407261.2359838
Neutral;2021-10-16 12:01:01.383758;1634407261.3837752
Neutral;2021-10-16 12:01:01.530623;1634407261.530641
Neutral;2021-10-16 12:01:01.684860;1634407261.6848774
Neutral;2021-10-16 12:01:01.819653;1634407261.819669
Neutral;2021-10-16 12:01:01.981971;1634407261.981985
Neutral;2021-10-16 12:01:02.119821;1634407262.119836
Neutral;2021-10-16 12:01:02.264140;1634407262.264155
Neutral;2021-10-16 12:01:02.405314;1634407262.40533
Neutral;2021-10-16 12:01:02.531010;1634407262.5310256
Neutral;2021-10-16 12:01:02.651924;1634407262.6519425
Temeroso;2021-10-16 12:01:02.771864;1634407262.7718804
Enojado;2021-10-16 12:01:03.059762;1634407263.0597785
Neutral;2021-10-16 12:01:03.203967;1634407263.2039828
Sorprendido;2021-10-16 12:01:03.410152;1634407263.4101696
Sorprendido;2021-10-16 12:01:03.546715;1634407263.5467317
Sorprendido;2021-10-16 12:01:04.567880;1634407264.5678961
Sorprendido;2021-10-16 12:01:04.711811;1634407264.7118263
Sorprendido;2021-10-16 12:01:04.840104;1634407264.84012
Disgustado;2021-10-16 12:01:06.568134;1634407266.56815
Temeroso;2021-10-16 12:01:06.731851;1634407266.7318673
Disgustado;2021-10-16 12:01:06.888005;1634407266.888022
Temeroso;2021-10-16 12:01:07.032038;1634407267.032055
Temeroso;2021-10-16 12:01:07.180055;1634407267.1800723
Temeroso;2021-10-16 12:01:07.387894;1634407267.3879097
Sorprendido;2021-10-16 12:01:08.622836;1634407268.622853
Temeroso;2021-10-16 12:01:08.760145;1634407268.760162
Triste;2021-10-16 12:01:09.591850;1634407269.5918646
Sorprendido;2021-10-16 12:01:09.719631;1634407269.7196465
Sorprendido;2021-10-16 12:01:10.128422;1634407270.1284432
Enojado;2021-10-16 12:01:10.278460;1634407270.2784755
Sorprendido;2021-10-16 12:01:10.529234;1634407270.5292501
Neutral;2021-10-16 12:01:10.691433;1634407270.6914525
Enojado;2021-10-16 12:01:10.847326;1634407270.847345
Enojado;2021-10-16 12:01:10.983932;1634407270.9839497
Sorprendido;2021-10-16 12:01:11.139936;1634407271.1399517
Sorprendido;2021-10-16 12:01:11.259302;1634407271.2593188
Neutral;2021-10-16 12:01:11.384171;1634407271.384187
Sorprendido;2021-10-16 12:01:11.539949;1634407271.5399656
Sorprendido;2021-10-16 12:01:12.175857;1634407272.175874
Sorprendido;2021-10-16 12:01:12.327871;1634407272.3278866
Sorprendido;2021-10-16 12:01:12.484359;1634407272.4843755
Sorprendido;2021-10-16 12:01:12.848082;1634407272.8481019
Sorprendido;2021-10-16 12:01:12.984076;1634407272.9840963
Temeroso;2021-10-16 12:01:13.124227;1634407273.124244
Sorprendido;2021-10-16 12:01:13.260698;1634407273.2607157
Feliz;2021-10-16 12:01:13.403755;1634407273.4037726
Sorprendido;2021-10-16 12:01:13.641872;1634407273.6418889
Sorprendido;2021-10-16 12:01:13.791722;1634407273.791736
Sorprendido;2021-10-16 12:01:13.958818;1634407273.9588346
Sorprendido;2021-10-16 12:01:14.088865;1634407274.0888815
Sorprendido;2021-10-16 12:01:14.227353;1634407274.2273695
Sorprendido;2021-10-16 12:01:14.356940;1634407274.3569572
Sorprendido;2021-10-16 12:01:14.481588;1634407274.4816046
Sorprendido;2021-10-16 12:01:14.611861;1634407274.611876
Sorprendido;2021-10-16 12:01:14.746545;1634407274.7465644
Sorprendido;2021-10-16 12:01:14.893042;1634407274.8930604
Sorprendido;2021-10-16 12:01:15.031276;1634407275.0312912
Sorprendido;2021-10-16 12:01:15.168107;1634407275.1681237
Sorprendido;2021-10-16 12:01:15.308520;1634407275.3085356
Feliz;2021-10-16 12:01:16.362610;1634407276.362626
Disgustado;2021-10-16 12:01:16.796098;1634407276.796114
Sorprendido;2021-10-16 12:01:17.331197;1634407277.3312132
Sorprendido;2021-10-16 12:01:17.448312;1634407277.448331
Sorprendido;2021-10-16 12:01:17.611822;1634407277.6118388
Sorprendido;2021-10-16 12:01:17.749706;1634407277.7497227
Temeroso;2021-10-16 12:01:17.887895;1634407277.8879123
Neutral;2021-10-16 12:01:18.007654;1634407278.0076685
Feliz;2021-10-16 12:01:18.135759;1634407278.1357775
Temeroso;2021-10-16 12:01:18.556186;1634407278.5562022
Sorprendido;2021-10-16 12:01:18.692199;1634407278.6922143
Sorprendido;2021-10-16 12:01:18.972151;1634407278.9721675
Sorprendido;2021-10-16 12:01:19.114730;1634407279.1147492
Temeroso;2021-10-16 12:01:19.239967;1634407279.239984
Temeroso;2021-10-16 12:01:19.364131;1634407279.3641486
Sorprendido;2021-10-16 12:01:19.510398;1634407279.5104132
Temeroso;2021-10-16 12:01:19.651952;1634407279.6519678
Enojado;2021-10-16 12:01:19.789791;1634407279.7898073
Sorprendido;2021-10-16 12:01:19.911913;1634407279.9119298
Temeroso;2021-10-16 12:01:20.041166;1634407280.0411804
Enojado;2021-10-16 12:01:20.197870;1634407280.1978874
Enojado;2021-10-16 12:01:20.329332;1634407280.3293486
Enojado;2021-10-16 12:01:20.482060;1634407280.4820757
Enojado;2021-10-16 12:01:20.624177;1634407280.6241934
Enojado;2021-10-16 12:01:20.765468;1634407280.7654853
Enojado;2021-10-16 12:01:20.907719;1634407280.9077368
Temeroso;2021-10-16 12:01:21.051817;1634407281.051833
Feliz;2021-10-16 12:01:21.192794;1634407281.19281
Feliz;2021-10-16 12:01:21.340057;1634407281.3400745
Enojado;2021-10-16 12:01:21.504103;1634407281.5041182
Feliz;2021-10-16 12:01:21.647966;1634407281.6479826
Enojado;2021-10-16 12:01:21.796116;1634407281.796132
Enojado;2021-10-16 12:01:21.939732;1634407281.939749
Temeroso;2021-10-16 12:01:22.088213;1634407282.0882316
Temeroso;2021-10-16 12:01:22.231893;1634407282.2319102
Sorprendido;2021-10-16 12:01:22.372370;1634407282.3723881
Sorprendido;2021-10-16 12:01:22.516083;1634407282.5161
Sorprendido;2021-10-16 12:01:22.647728;1634407282.6477437
Sorprendido;2021-10-16 12:01:22.784150;1634407282.7841644
Sorprendido;2021-10-16 12:01:22.924378;1634407282.9243956
Sorprendido;2021-10-16 12:01:23.052173;1634407283.0521894
Sorprendido;2021-10-16 12:01:23.183480;1634407283.1834958
Sorprendido;2021-10-16 12:01:23.318983;1634407283.3189995
Sorprendido;2021-10-16 12:01:23.564174;1634407283.5641894
Enojado;2021-10-16 12:01:23.711373;1634407283.7113898
Enojado;2021-10-16 12:01:23.848591;1634407283.8486068
Enojado;2021-10-16 12:01:23.995864;1634407283.9958808
Sorprendido;2021-10-16 12:01:24.139650;1634407284.1396637
Sorprendido;2021-10-16 12:01:24.271778;1634407284.2717938
Sorprendido;2021-10-16 12:01:24.397036;1634407284.3970516
Sorprendido;2021-10-16 12:01:24.520130;1634407284.5201442
Enojado;2021-10-16 12:01:24.663787;1634407284.6638038
Sorprendido;2021-10-16 12:01:24.796602;1634407284.7966175
Sorprendido;2021-10-16 12:01:24.939864;1634407284.93988
Sorprendido;2021-10-16 12:01:25.067788;1634407285.0678024
Sorprendido;2021-10-16 12:01:25.196336;1634407285.196352
Sorprendido;2021-10-16 12:01:25.332085;1634407285.3321033
Enojado;2021-10-16 12:01:25.479728;1634407285.479745
Sorprendido;2021-10-16 12:01:25.631965;1634407285.631981
Sorprendido;2021-10-16 12:01:25.765082;1634407285.765098
Sorprendido;2021-10-16 12:01:25.910617;1634407285.9106336
Neutral;2021-10-16 12:01:26.058049;1634407286.0580652
Enojado;2021-10-16 12:01:26.191753;1634407286.1917715
Neutral;2021-10-16 12:01:26.336118;1634407286.3361344
Sorprendido;2021-10-16 12:01:26.483833;1634407286.4838498
Enojado;2021-10-16 12:01:26.643762;1634407286.6437783
Sorprendido;2021-10-16 12:01:26.784088;1634407286.7841039
Sorprendido;2021-10-16 12:01:26.931797;1634407286.9318137
Neutral;2021-10-16 12:01:27.073838;1634407287.0738537
Temeroso;2021-10-16 12:01:27.217916;1634407287.2179308
Neutral;2021-10-16 12:01:27.424055;1634407287.4240708
Neutral;2021-10-16 12:01:27.563994;1634407287.5640097
Neutral;2021-10-16 12:01:27.719772;1634407287.7197897
Neutral;2021-10-16 12:01:27.857093;1634407287.8571079
Neutral;2021-10-16 12:01:27.996250;1634407287.996268
Neutral;2021-10-16 12:01:28.155785;1634407288.1558018
Neutral;2021-10-16 12:01:28.307791;1634407288.3078084
Temeroso;2021-10-16 12:01:28.460247;1634407288.4602652
Neutral;2021-10-16 12:01:28.612754;1634407288.612771
Neutral;2021-10-16 12:01:28.737682;1634407288.7376988
Neutral;2021-10-16 12:01:28.867190;1634407288.8672066
Temeroso;2021-10-16 12:01:29.003773;1634407289.0037901
Neutral;2021-10-16 12:01:29.163580;1634407289.1635952
Neutral;2021-10-16 12:01:29.285759;1634407289.2857733
Neutral;2021-10-16 12:01:29.428059;1634407289.4280765
Neutral;2021-10-16 12:01:29.571650;1634407289.5716665
Neutral;2021-10-16 12:01:29.720039;1634407289.7200556
Neutral;2021-10-16 12:01:29.863757;1634407289.8637729
Neutral;2021-10-16 12:01:30.012187;1634407290.0122046
Neutral;2021-10-16 12:01:30.151791;1634407290.1518085
Neutral;2021-10-16 12:01:30.275598;1634407290.275613
Triste;2021-10-16 12:01:30.391831;1634407290.3918467
Neutral;2021-10-16 12:01:30.524092;1634407290.524109
Neutral;2021-10-16 12:01:30.663807;1634407290.6638248
Neutral;2021-10-16 12:01:30.807527;1634407290.8075457
Neutral;2021-10-16 12:01:30.958740;1634407290.9587562
Neutral;2021-10-16 12:01:31.095805;1634407291.0958233
Neutral;2021-10-16 12:01:31.215868;1634407291.2158859
Neutral;2021-10-16 12:01:31.355835;1634407291.3558514
Neutral;2021-10-16 12:01:31.503999;1634407291.504016
Temeroso;2021-10-16 12:01:31.654124;1634407291.65414
Temeroso;2021-10-16 12:01:31.783794;1634407291.783811
Temeroso;2021-10-16 12:01:31.924162;1634407291.9241784
Neutral;2021-10-16 12:01:32.066563;1634407292.066579
Temeroso;2021-10-16 12:01:32.212203;1634407292.21222
Neutral;2021-10-16 12:01:32.344037;1634407292.3440528
Neutral;2021-10-16 12:01:32.474512;1634407292.4745286
Triste;2021-10-16 12:01:32.595279;1634407292.5952942
Neutral;2021-10-16 12:01:32.751169;1634407292.751185
Temeroso;2021-10-16 12:01:32.874424;1634407292.8744438
Triste;2021-10-16 12:01:33.002737;1634407293.0027552
Temeroso;2021-10-16 12:01:33.157045;1634407293.1570623
Temeroso;2021-10-16 12:01:33.307447;1634407293.307463
Temeroso;2021-10-16 12:01:33.458003;1634407293.4580185
Triste;2021-10-16 12:01:33.587657;1634407293.5876732
Triste;2021-10-16 12:01:33.723652;1634407293.7236679
Triste;2021-10-16 12:01:33.867780;1634407293.8677967
Triste;2021-10-16 12:01:33.993929;1634407293.9939458
Temeroso;2021-10-16 12:01:34.133160;1634407294.1331751
Temeroso;2021-10-16 12:01:34.260091;1634407294.260107
Temeroso;2021-10-16 12:01:34.388233;1634407294.38825
Temeroso;2021-10-16 12:01:35.798601;1634407295.7986171
Temeroso;2021-10-16 12:01:35.962664;1634407295.9626803
Neutral;2021-10-16 12:01:36.108025;1634407296.1080418
Neutral;2021-10-16 12:01:36.247793;1634407296.247811
Neutral;2021-10-16 12:01:36.392129;1634407296.392146
Neutral;2021-10-16 12:01:36.526598;1634407296.52662
Triste;2021-10-16 12:01:36.665905;1634407296.6659214
Triste;2021-10-16 12:01:36.807797;1634407296.8078132
Triste;2021-10-16 12:01:36.935634;1634407296.9356508
Triste;2021-10-16 12:01:37.071949;1634407297.071966
Temeroso;2021-10-16 12:01:37.218001;1634407297.2180183
Neutral;2021-10-16 12:01:37.347756;1634407297.347772
Neutral;2021-10-16 12:01:37.467649;1634407297.467666
Triste;2021-10-16 12:01:37.592213;1634407297.5922284
Triste;2021-10-16 12:01:37.740116;1634407297.740133
Sorprendido;2021-10-16 12:01:37.879949;1634407297.879965
Temeroso;2021-10-16 12:01:38.002054;1634407298.0020711
Temeroso;2021-10-16 12:01:38.139712;1634407298.1397288
Feliz;2021-10-16 12:01:38.279719;1634407298.2797358
Temeroso;2021-10-16 12:01:38.440351;1634407298.4403687
Feliz;2021-10-16 12:01:38.567606;1634407298.5676203
Feliz;2021-10-16 12:01:38.709506;1634407298.7095196
Feliz;2021-10-16 12:01:38.839506;1634407298.8395228
Feliz;2021-10-16 12:01:38.968098;1634407298.968115
Feliz;2021-10-16 12:01:39.120148;1634407299.1201656
Sorprendido;2021-10-16 12:01:39.252184;1634407299.2522001
Sorprendido;2021-10-16 12:01:39.382129;1634407299.3821461
Sorprendido;2021-10-16 12:01:39.522866;1634407299.5228834
Sorprendido;2021-10-16 12:01:39.672212;1634407299.6722293
Sorprendido;2021-10-16 12:01:39.819939;1634407299.819956
Feliz;2021-10-16 12:01:39.959679;1634407299.959696
Feliz;2021-10-16 12:01:40.088093;1634407300.0881097
Sorprendido;2021-10-16 12:01:40.211863;1634407300.211879
Sorprendido;2021-10-16 12:01:40.348299;1634407300.348316
Sorprendido;2021-10-16 12:01:40.483310;1634407300.4833255
Feliz;2021-10-16 12:01:40.615992;1634407300.616009
Neutral;2021-10-16 12:01:40.744133;1634407300.74415
Triste;2021-10-16 12:01:40.867570;1634407300.8675854
Enojado;2021-10-16 12:01:40.999676;1634407300.999693
Temeroso;2021-10-16 12:01:41.127820;1634407301.1278372
Neutral;2021-10-16 12:01:41.259588;1634407301.2596045
Neutral;2021-10-16 12:01:41.399788;1634407301.3998067
Neutral;2021-10-16 12:01:41.528986;1634407301.529002
Neutral;2021-10-16 12:01:41.687747;1634407301.687766
Neutral;2021-10-16 12:01:41.831632;1634407301.8316495
Neutral;2021-10-16 12:01:41.972109;1634407301.9721274
Neutral;2021-10-16 12:01:42.115681;1634407302.115698
Triste;2021-10-16 12:01:42.247826;1634407302.2478447
Neutral;2021-10-16 12:01:42.388772;1634407302.3887892
Neutral;2021-10-16 12:01:42.522890;1634407302.5229084
Neutral;2021-10-16 12:01:42.675851;1634407302.6758654
Neutral;2021-10-16 12:01:42.822954;1634407302.8229702
Neutral;2021-10-16 12:01:42.951803;1634407302.9518201
Neutral;2021-10-16 12:01:43.073661;1634407303.0736773
Neutral;2021-10-16 12:01:43.208114;1634407303.208131
Neutral;2021-10-16 12:01:43.344112;1634407303.3441288
Neutral;2021-10-16 12:01:43.507867;1634407303.507886
Triste;2021-10-16 12:01:43.667774;1634407303.6677911
Triste;2021-10-16 12:01:43.792120;1634407303.7921376
Triste;2021-10-16 12:01:43.928123;1634407303.9281404
Neutral;2021-10-16 12:01:44.075854;1634407304.0758712
Triste;2021-10-16 12:01:44.230712;1634407304.23073
Triste;2021-10-16 12:01:44.379537;1634407304.379553
Triste;2021-10-16 12:01:44.506448;1634407304.506463
Triste;2021-10-16 12:01:44.632138;1634407304.6321552
Triste;2021-10-16 12:01:44.778756;1634407304.7787726
Triste;2021-10-16 12:01:44.928278;1634407304.9282959
Triste;2021-10-16 12:01:45.099452;1634407305.0994687
Neutral;2021-10-16 12:01:45.228841;1634407305.2288573
Neutral;2021-10-16 12:01:45.367818;1634407305.3678346
Neutral;2021-10-16 12:01:45.504114;1634407305.504131
Triste;2021-10-16 12:01:45.630274;1634407305.6302912
Neutral;2021-10-16 12:01:45.760061;1634407305.760077
Sorprendido;2021-10-16 12:01:45.887988;1634407305.888005
Sorprendido;2021-10-16 12:01:46.025031;1634407306.025048
Sorprendido;2021-10-16 12:01:46.171883;1634407306.171901
Sorprendido;2021-10-16 12:01:46.312355;1634407306.3123715
Sorprendido;2021-10-16 12:01:46.449958;1634407306.449974
Sorprendido;2021-10-16 12:01:46.595995;1634407306.596013
Sorprendido;2021-10-16 12:01:46.726945;1634407306.726961
Sorprendido;2021-10-16 12:01:46.862875;1634407306.8628914
Sorprendido;2021-10-16 12:01:47.011837;1634407307.0118535
Sorprendido;2021-10-16 12:01:47.159833;1634407307.1598492
Sorprendido;2021-10-16 12:01:47.320226;1634407307.320241
Sorprendido;2021-10-16 12:01:47.457983;1634407307.457999
Sorprendido;2021-10-16 12:01:47.592178;1634407307.5921943
Sorprendido;2021-10-16 12:01:47.738054;1634407307.7380679
Temeroso;2021-10-16 12:01:47.885600;1634407307.8856149
Sorprendido;2021-10-16 12:01:48.032320;1634407308.0323374
Sorprendido;2021-10-16 12:01:48.167956;1634407308.1679726
Sorprendido;2021-10-16 12:01:48.316024;1634407308.3160417
Sorprendido;2021-10-16 12:01:48.463971;1634407308.4639878
Neutral;2021-10-16 12:01:48.609468;1634407308.6094816
Neutral;2021-10-16 12:01:48.752262;1634407308.7522779
Neutral;2021-10-16 12:01:48.899766;1634407308.8997827
Neutral;2021-10-16 12:01:49.043705;1634407309.0437214
Neutral;2021-10-16 12:01:49.184008;1634407309.1840255
Neutral;2021-10-16 12:01:49.324003;1634407309.3240192
Neutral;2021-10-16 12:01:49.455667;1634407309.4556835
Neutral;2021-10-16 12:01:49.603827;1634407309.603844
Neutral;2021-10-16 12:01:49.748176;1634407309.7481906
Neutral;2021-10-16 12:01:49.893888;1634407309.8939037
Neutral;2021-10-16 12:01:50.031657;1634407310.0316734
Neutral;2021-10-16 12:01:50.176841;1634407310.1768582
Neutral;2021-10-16 12:01:50.325741;1634407310.3257575
Neutral;2021-10-16 12:01:50.467754;1634407310.4677703
Feliz;2021-10-16 12:01:50.607654;1634407310.6076734
Temeroso;2021-10-16 12:01:50.762303;1634407310.76232
Feliz;2021-10-16 12:01:50.912053;1634407310.9120688
Neutral;2021-10-16 12:01:51.050268;1634407311.0502841
Temeroso;2021-10-16 12:01:51.203801;1634407311.203817
Temeroso;2021-10-16 12:01:51.346886;1634407311.346903
Feliz;2021-10-16 12:01:51.486557;1634407311.486574
Sorprendido;2021-10-16 12:01:51.608970;1634407311.608985
Neutral;2021-10-16 12:01:51.734347;1634407311.734365
Neutral;2021-10-16 12:01:51.887847;1634407311.8878632
Neutral;2021-10-16 12:01:52.023865;1634407312.023883
Neutral;2021-10-16 12:01:52.163896;1634407312.163914
Neutral;2021-10-16 12:01:52.305600;1634407312.305616
Sorprendido;2021-10-16 12:01:52.431954;1634407312.431971
Neutral;2021-10-16 12:01:52.561553;1634407312.5615706
Neutral;2021-10-16 12:01:52.693144;1634407312.6931596
Neutral;2021-10-16 12:01:52.827585;1634407312.8276014
Neutral;2021-10-16 12:01:52.959741;1634407312.9597602
Neutral;2021-10-16 12:01:53.096820;1634407313.096836
Neutral;2021-10-16 12:01:53.227932;1634407313.2279484
Neutral;2021-10-16 12:01:53.350466;1634407313.3504808
Neutral;2021-10-16 12:01:53.479268;1634407313.4792855
Neutral;2021-10-16 12:01:53.611348;1634407313.6113634
Neutral;2021-10-16 12:01:53.744075;1634407313.744093
Neutral;2021-10-16 12:01:53.882744;1634407313.8827603
Temeroso;2021-10-16 12:01:54.371986;1634407314.3720028
Neutral;2021-10-16 12:01:54.503415;1634407314.5034306
Neutral;2021-10-16 12:01:54.647711;1634407314.6477273
Triste;2021-10-16 12:01:54.783596;1634407314.7836125
Triste;2021-10-16 12:01:54.923186;1634407314.923204
Neutral;2021-10-16 12:01:55.069619;1634407315.0696359
Sorprendido;2021-10-16 12:01:55.199992;1634407315.2000077
Neutral;2021-10-16 12:01:55.348918;1634407315.348937
Neutral;2021-10-16 15:12:25.077299;1634418745.0773153
